place_id,place_name,city,category,activities,province,duration,budget_level,tourist_type,description,latitude,longitude,image
1,Ilam & Kanyam Tea Region,Ilam,Nature,"Tea Garden Visit,Photography,Nature Walk,Sightseeing",Koshi Province,1 Day,Low,Both,"Nestled in the rolling hills of eastern Nepal, this scenic region is celebrated as the tea capital of the country. Endless stretches of manicured, vibrant green tea estates drape over the hillsides, creating a mesmerizing tapestry. It serves as a beloved getaway for domestic travelers seeking a cool escape from the hot lowlands. Visitors can stroll through fragrant plantation pathways, interact with local tea pluckers, and photograph the rolling mist. The area also offers sweeping panoramic views of the plains below and distant Himalayan peaks on clear days. It remains an ideal destination for nature walks, landscape photography, and tasting farm-fresh orthodox tea.",26.9289,87.9378,ilam_kanyam.jpg
2,Bhedetar Namaste Waterfall,Dharan,Nature,"Sightseeing,Hiking,Photography",Koshi Province,1 Day,Low,Both,"Situated along the scenic Koshi Highway, this bustling hill station is one of eastern Nepal's most popular weekend retreats. It is highly favored for its perennially cool, refreshing climate and strategic viewpoints overlooking the plains. The crown jewel of the area is the beautiful Namaste Waterfall, cascading down a lush green canyon. Travelers flock here for light hiking, family picnics, and photography against the dramatic, rocky backdrop. The surrounding hills are frequently enveloped in rolling fog, adding a mystical charm to the landscape. It offers a perfect blend of roadside accessibility, refreshing mountain air, and scenic natural beauty.",26.8156,87.2794,Namaste_Waterfall.jpg
3,Pathibhara Temple,Taplejung,Cultural,"Pilgrimage,Hiking,Sightseeing,Photography",Koshi Province,4-6 Days,Medium,Both,"Perched majestically at an altitude of 3,794 meters, this sacred hilltop shrine is a revered pilgrimage site. It holds immense religious significance for both Hindu and Limbu communities, attracting thousands of devotees annually. The journey features a challenging hike through pristine rhododendron forests, alpine ridges, and traditional mountain villages. Upon reaching the summit, pilgrims are rewarded with awe-inspiring, up-close panoramas of the Kanchenjunga massif. The temple atmosphere is profoundly spiritual, filled with the continuous ringing of bells and fluttering prayer flags. It provides a deeply moving combination of rigorous high-altitude trekking and profound cultural devotion.",27.4338,87.7812,pathibhara.jpg
4,Halesi Mahadev Temple,Khotang,Cultural,"Pilgrimage,Temple Visit,Sightseeing",Koshi Province,2 Day,Low,Both,"Tucked away inside a mysterious limestone cave complex, this highly revered shrine is steeped in ancient myths. Known as the 'Pashupatinath of the East', it serves as a major pilgrimage destination in eastern Nepal. The site holds profound historical and spiritual importance equally for Hindu devotees and Tibetan Buddhist practitioners. It is traditionally believed to be the sacred site where Lord Shiva hid from the demon Bhasmasura. The geological formations inside the cave feature impressive stalactites and stalagmites worshiped as natural deities. It offers visitors a unique, deeply spiritual atmosphere coupled with fascinating natural cave exploration.",27.3313,86.5434,haleshi.jpg
5,Everest Base Camp,Lukla,Trekking,"Hiking,Camping,Helicopter Tour",Koshi Province,12-14 Days,High,Both,"Representing the ultimate dream for global trekkers, this iconic route leads to the foot of the world's highest peak. The journey begins with a thrilling flight into Lukla and winds upward through the heart of Khumbu. Trekkers traverse vibrant Sherpa capitals like Namche Bazaar, ancient monasteries, and dramatic suspension bridges over roaring rivers. The trail offers unparalleled, jaw-dropping views of Everest, Lhotse, Ama Dablam, and countless neighboring giants. It demands strong physical endurance to cope with the challenging terrain and rapidly increasing high altitude. This world-renowned destination delivers a life-changing adventure amidst the most spectacular alpine scenery on earth.",28.0043,86.8571,everest_base_camp.jpg
6,Kanchenjunga Base Camp,Taplejung,Trekking,"Hiking,Camping,Photography",Koshi Province,18-21 Days,High,Both,"Centering around the world's third-highest peak, this remote destination offers an exceptional wilderness trekking experience. Located in the far northeastern corner of Nepal, the trail explores untamed, isolated mountain valleys. It features an incredible diversity of landscapes, ranging from subtropical lowlands to massive, stark glacial moraines. The region is highly pristine and experiences low tourist traffic, preserving its authentic, raw Himalayan character. Trekkers get to experience the distinct lifestyle and unique cultural heritage of the local Limbu and Rai communities. It stands as an elite, challenging trek best suited for seasoned adventurers seeking solitude and raw nature.",27.7025,88.1475,kanchenjunga.jpg
7,Makalu Base Camp Trek,Sankhuwasabha,Trekking,"Hiking,Camping,Photography",Koshi Province,18-21 Days,High,Both,"Traversing the remarkably biodiverse Makalu Barun National Park, this rugged trek is an absolute paradise for wilderness lovers. The trail stands out for its dramatic altitude changes, climbing steeply from deep tropical gorges to frozen alpine targets. It provides breathtakingly close views of Mt. Makalu's sheer, imposing granite faces and the surrounding high peaks. Because it is highly isolated, hikers must rely heavily on wilderness camping and self-sufficient expedition setups. The national park protects rare wildlife species, including the elusive red panda, snow leopards, and hundreds of birds. It is a demanding, world-class adventure that rewards trekkers with unmatched Himalayan scenery and absolute solitude.",27.8897,87.0883,Makalu_koshi.jpg
8,Sun Koshi River Rafting,Sindhuli,Adventure,"White Water Rafting,Kayaking,Camping",Koshi Province,2-3 Days,Medium,Both,"Renowned globally as one of the premier rafting rivers, this waterway offers an unforgettable multi-day river expedition. Originating high in the Himalayas, it flows eastward through dramatic gorges, deep valleys, and forested hills. The river features an exciting progression of whitewater, starting with gentle waves and building up to massive rapids. Rafters and kayakers spend their days navigating turbulent waters and their nights camping on pristine, sandy wilderness beaches. The journey provides a unique perspective of rural Nepal, passing remote riverside villages and hanging suspension bridges. It delivers the perfect mix of high-adrenaline watersports, tranquil wilderness floating, and scenic outdoor camping.",27.548,86.054,sun koshi river rafting.jpg
9,Paragliding in Dharan & Bhedetar,Dharan,Adventure,"Paragliding,Photography,Sightseeing",Koshi Province,2-3 Days,Medium,Both,"Capitalizing on the ideal thermal currents of the eastern hills, this adventure activity provides an unmatched aerial experience. The tandem flights typically launch from the scenic ridges of Bhedetar and glide gracefully over Dharan city. Paragliders enjoy a thrilling bird's-eye view of lush sub-tropical forests, rolling hills, and vast terraced farmland. On clear days, the flight offers expansive views extending all the way to the southern Terai plains. Professional pilots ensure safety, making it accessible to both absolute beginners and seasoned adrenaline seekers. It has rapidly transformed the region into a vibrant hub for domestic adventure tourism and photography.",26.8125,87.2833,paragliding(koshi).jpg
10,The Terai Lowlands,Terai,Wildlife,"Bird Watching,Nature Walk,Photography",Koshi Province,2-3 Days,Low,Both,"Stretching across the southern belt of the province, this vast landscape consists of fertile plains and dense forests. The region is characterized by extensive, rich grasslands and vital riverine wetlands that attract incredible biodiversity. It serves as a crucial habitat for hundreds of resident and migratory bird species throughout the year. Visitors can explore the peaceful rural country side, witnessing the traditional farming lifestyle of the indigenous communities. The open plains provide excellent opportunities for landscape photography, peaceful nature walks, and dedicated birdwatching excursions. It offers a distinct contrast to Nepal's mountainous north, highlighting the country's diverse geographical zones.",26.65,87.15,The Terai Lowlands.png
11,Koshi Tappu Wildlife Reserve,Sunsari,Wildlife,"Safari,Bird Watching,Photography,Boat Ride",Koshi Province,2-3 Days,Medium,Both,"Sprawling across the massive floodplain of the Sapta Koshi River, this reserve is Nepal's premier birdwatching haven. It consists of a beautiful mosaic of mudflats, reed beds, fresh wetlands, and tall riverine grasslands. The reserve is globally famous for harboring the last remaining population of endangered wild water buffaloes (Arna). Over 500 species of migratory and residential birds can be spotted here, especially during the winter months. Visitors can enjoy peaceful elephant-back safaris, guided jungle walks, and scenic boat rides along the calm river channels. It provides a remarkably tranquil escape tailored perfectly for wildlife photographers, researchers, and nature enthusiasts.",26.648,86.975,koshi-tappu.jpg
12,Salhesh Fulbari,Siraha,Nature,"Nature Walk,Photography,Sightseeing",Madhesh Province,1 Day,Low,Both,"Located in the Siraha district, this historic and mystical forest patch holds an enchanted place in local folklore. It is celebrated for its ancient, twisting trees that harbor a unique botanical phenomenon found nowhere else. Every single year, precisely on the first day of the Nepali New Year, rare orchids bloom beautifully. Local legend associates these miraculous flowers with the heroic love story of the folk deity King Salhesh. A massive cultural fair takes place during this time, drawing thousands of curious tourists and faithful devotees. It is a fascinating destination that seamlessly blends botanical mysteries, rich cultural heritage, and local nature photography.",26.7358,86.0844,Salahesh_Fulbari.jpg
13,Bharat Taal,Sarlahi,Nature,"Boating,Bird Watching,Photography",Madhesh Province,1 Day,Low,Both,"Centering around a massive, newly constructed artificial lake, this destination has quickly become a prominent recreational hub. Located in the Sarlahi district, the expansive wetland area is designed to promote local eco-tourism and leisure activities. The calm, wide waters are ideal for motorboating, peaceful paddle boating, and capturing stunning sunset photographs. The surrounding greenery and water body have begun attracting various species of local and migratory wetland birds. It serves as a very popular weekend picnic spot for families and friend groups from neighboring towns. The site represents a successful blend of modern wetland engineering, public recreation, and natural lakeside beauty.",26.8425,85.9728,bharat_taal_madhesh_nature.jpg
14,Janaki Mandir,Janakpur,Cultural,"Temple Visit,Pilgrimage,Sightseeing",Madhesh Province,1 Day,Low,Both,"Dominating the heart of Janakpur, this stunning architectural masterpiece is one of Nepal's most iconic cultural landmarks. Built entirely of bright white stone and marble, it showcases a magnificent blend of Rajput and Mughal architecture. The temple is dedicated entirely to Goddess Sita and stands on the legendary site of her marriage to Rama. Its grand arches, intricately carved domes, ornate verandas, and vast courtyards evoke the opulence of an ancient palace. The site becomes an vibrant epicentre of music, lights, and color during major festivals like Vivah Panchami. It remains an absolute must-visit for cultural historians, international tourists, and devout Hindu pilgrims alike.",26.7288,85.925,janaki temple.jpg
15,Ram Mandir,Janakpur,Cultural,"Temple Visit,Pilgrimage,Sightseeing",Madhesh Province,1 Day,Low,Both,"Situated just a short walking distance from the main Janaki Mandir, this historic temple holds immense antiquarian value. It is one of the oldest shrines in Janakpur, dedicated specifically to the worship of Lord Ram. The temple architecture follows traditional Hindu patterns, featuring a peaceful inner sanctum and a spacious brick courtyard. It plays a vital, central role in the city's daily religious rituals and grand annual festival processions. The surrounding compound houses several ancient artifacts and shrines that showcase the region's deep Mithila heritage. It offers a quieter, deeply contemplative environment that beautifully complements the grandeur of the main palace temple.",26.7292,85.9238,ram-mandir.jpg
16,Parsa National Park,Hetauda,Wildlife,"Safari,Bird Watching,Photography,Jeep Safari",Madhesh Province,2-3 Days,Medium,Both,"Sprawling over the lush foothills of the Churia range, this protected area is a hidden wildlife gem. It serves as a vital ecological corridor, connecting directly with Chitwan National Park and India's Valmiki Tiger Reserve. The park comprises dry deciduous forests, open grasslands, and pristine seasonal rivers that support diverse megafauna. It provides a safe sanctuary for wild Asian elephants, royal Bengal tigers, leopards, and gaurs (bison). Visitors can embark on thrilling jeep safaris, explore hidden nature trails, and engage in excellent birdwatching. Due to fewer tourist crowds, it offers a raw, authentic, and uninterrupted jungle safari experience.",27.3875,84.7889,parsa national park.jpg
17,Pashupatinath Temple,Kathmandu,Cultural,"Temple Visit,Aarti,Sightseeing,Photography",Bagmati Province,1 Day,Low,Both,"Sprawling across both banks of the sacred Bagmati River, this iconic complex is the spiritual heart of Nepal. As a UNESCO World Heritage Site, it stands as one of the most significant Shiva temples globally. The main two-tiered golden temple is surrounded by a vast array of ancient shrines, ashrams, and stone images. Visitors can witness traditional Hindu cremation rituals performed openly on the raised stone ghats along the riverbanks. Every evening, the spectacular Bagmati Ganga Aarti takes place, drawing massive crowds with its music, fire, and chants. It provides an intense, deeply authentic, and unforgettable immersion into Hindu life, death, and spirituality.",27.7104,85.3488,Pashupatinath.jpg
18,Boudhanath Stupa,Kathmandu,Cultural,"Meditation,Sightseeing,Temple Visit",Bagmati Province,1 Day,Low,Both,"Dominating the Kathmandu skyline, this colossal monument stands as one of the largest spherical stupas in existence. As a vital UNESCO World Heritage Site, it serves as the absolute center of Tibetan Buddhism in Nepal. The stupa's base is wrapped in a giant mandala, while Buddha's all-seeing eyes watch over the bustling plaza. The surrounding circular street is lined with beautifully decorated monasteries, rooftop cafes, and shops selling traditional crafts. Monks in maroon robes and devoted pilgrims walk clockwise around the dome daily, spinning brass prayer wheels. Its serene, deeply meditative atmosphere offers a peaceful haven from the surrounding city's chaotic energy.",27.7215,85.362,boudhanath.jpg
19,Nagarkot,Nagarkot,Nature,"Sunrise Viewing,Hiking,Mountain Biking",Bagmati Province,2-3 Days,Low,Both,"Perched gracefully on the northeastern rim of the Kathmandu Valley, this hill station is famous for its panoramas. It offers one of the broadest and most spectacular views of the central Himalayan range available near the capital. Visitors flock here in the early morning to witness breathtaking sunrises that paint the snowy peaks in gold. The surrounding area is dotted with walking trails that wind through terraced farmlands and quiet pine forests. It has evolved into a popular hub for mountain biking, weekend hiking, and relaxing luxury resort stays. It is the perfect, easily accessible destination for travelers wanting to experience mountain views without a long trek.",27.7172,85.5245,nagarkot.jpg
20,Shivapuri Nagarjun National Park,Kathmandu,Nature,"Hiking,Bird Watching,Nature Walk",Bagmati Province,2-3 Days,Low,Both,"Encompassing the northern ridges of the Kathmandu Valley, this park is a vital natural water catchment. It features dense, pristine forests of oak, rhododendron, and pine that harbor surprisingly rich and varied wildlife. The park is highly popular among city dwellers for day hiking, birdwatching, and escaping the urban bustle. Key trails lead to the sacred origins of rivers at Bagdwar and Bishnudwar, hidden deep within the woods. The higher ridges offer glimpses of the snow-capped Himalayas peering through the thick, green forest canopy. It serves as a refreshing, biodiverse green lung that provides an instant nature fix right next to the capital.",27.8007,85.3775,shivapuri-national-park.jpeg
21,Chandragiri Hills,Kathmandu,Adventure,"Cable Car,Hiking,Sightseeing,Photography",Bagmati Province,2-3 Days,Medium,Both,"Rising sharply to the southwest of Kathmandu, this historic hill station is a major modern lifestyle destination. It is widely famous for its state-of-the-art cable car system that whisks passengers to the top in minutes. The summit offers a spectacular, uninterrupted 180-degree view of the entire Himalayan chain on clear days. At the peak sits the historic Bhaleshwor Mahadev Temple, a site of deep mythological and religious importance. The hill also features family-friendly recreational parks, viewing towers, boutique resorts, and scenic walking trails. It provides an excellent, comfortable day trip that effortlessly combines historical heritage with modern adventure travel.",27.6576,85.2056,chandragiri.jpg
22,Bhotekoshi River Rafting,Sindhupalchok,Adventure,"Rafting,Bungee Jumping,Camping",Bagmati Province,2-3 Days,High,Both,"Carving its way through deep, dramatic mountain gorges, this roaring river is an absolute paradise for thrill-seekers. Fed by glaciers from Tibet, it is widely considered one of Nepal's steepest and most challenging rafting waters. The river features continuous, high-intensity rapids that demand expert navigation, teamwork, and intense physical effort. Along its steep banks sits the famous Last Resort, a hub for extreme sports like canyoning and swinging. It is globally famous for hosting one of the world's most terrifying, spectacular bridge bungee jumps. It delivers an adrenaline-fueled weekend getaway perfectly tailored for true adventure enthusiasts and adrenaline junkies.",27.96,85.95,Bhotekoshi.jpg
23,Langtang Valley Trek,Syabrubesi,Trekking,"Hiking,Camping,Nature Walk",Bagmati Province,7-8 Days,Medium,Both,"Reachable via a short drive from Kathmandu, this beautiful valley trek is a favorite for its classic landscapes. The route winds through dense bamboo forests, rushing rivers, and traditional Tamang and Sherpa villages. As you ascend, the valley opens up into dramatic alpine pastures dominated by the towering Langtang Lirung. The region was heavily impacted by the 2015 earthquake but has rebuilt successfully with beautiful local teahouses. Trekkers can sample handmade yak cheese at local factories and explore ancient, wind-swept Buddhist monasteries. It offers an authentic, high-altitude Himalayan trekking experience compressed into a highly manageable timeframe.",28.2116,85.556,Langtang.jpg
24,Gosaikunda Lake Trek,Rasuwa,Trekking,"Hiking,Camping,Pilgrimage",Bagmati Province,5-6 Days,Medium,Both,"Ascending to a spectacular alpine altitude of 4,380 meters, this sacred lake trek is deeply moving. The pristine, turquoise waters are surrounded by sharp snow peaks and hold immense religious value for Hindus. Thousands of pilgrims make the arduous journey during the Janai Purnima festival to bathe in the freezing water. The trail climbs steeply through the lush, biodiverse forests of Langtang National Park, offering great wildlife views. Trekkers are treated to expansive vistas of the Ganesh and Langtang mountain ranges throughout the steady ascent. It is a brilliant, shorter trek that combines challenging high-altitude hiking with deep cultural mysticism.",28.0833,85.4167,gosaikunda .jpg
25,Chitwan National Park,Sauraha,Wildlife,"Safari,Canoeing,Bird Watching,Photography",Bagmati Province,2-3 Days,Medium,Both,"Sprawling across the subtropical inner Terai lowlands, this famous park is a jewel of conservation history. As a premier UNESCO World Heritage Site, it protects one of the last remaining populations of single-horned rhinos. The park's diverse ecosystem comprises dense Sal forests, vast elephant grasslands, and winding river channels. Visitors can explore the jungle via exciting jeep safaris, peaceful dugout canoe rides, and guided foot walks. It is home to royal Bengal tigers, gharial crocodiles, sloth bears, and over 500 species of birds. The adjacent Tharu villages offer cultural tours, traditional stick dances, and authentic local hospitality.",27.5291,84.3542,chitwan.jpg
26,Phewa Lake,Pokhara,Nature,"Boating,Photography,Sightseeing",Gandaki Province,2-3 Days,Low,Both,"Acting as the picturesque centerpiece of Pokhara, this tranquil freshwater lake is an iconic tourism emblem. The calm waters create a mirror-like reflection of the majestic, fishtail peak of Mount Machhapuchhre. Colorful wooden boats called 'Dungas' dot the lake, ferrying visitors to the Tal Barahi Temple on a central island. The bustling lakeside street is lined with trendy restaurants, vibrant bars, craft shops, and lively cafes. It serves as the ultimate landing zone for paragliders descending gracefully from the nearby ridges of Sarangkot. Whether watching the sunset over the water or enjoying a morning stroll, it offers complete relaxation.",28.2096,83.9596,phewa_lake.jpg
27,Sarangkot,Pokhara,Adventure,"Sunrise Viewing,Paragliding,Hiking,Mountain Biking",Gandaki Province,2-3 Days,Low,Both,"Perched high on a ridge overlooking the Pokhara valley, this destination is a premier adventure hotspot. It is universally famous for offering one of the most spectacular mountain sunrise views in the entire country. As the sun rises, the Annapurna and Dhaulagiri ranges are bathed in brilliant hues of gold and orange. The ridge is globally recognized as one of the finest paragliding take-off locations on the planet. Visitors can also experience the extreme thrill of the ZipFlyer, which launches directly from this mountain ridge. It provides an easily accessible, action-packed destination that offers stunning panoramic views at every turn.",28.2429,83.9482,Sarangkot.jpg
28,Annapurna Base Camp,Pokhara,Trekking,"Hiking,Camping",Gandaki Province,7-9 Days,High,Both,"Winding deep into the spectacular amphitheater of the Annapurna massif, this trek is a global classic. The trail passes through terraced rice fields, dense rhododendron forests, and unique Gurung cultural villages. As you climb past the Modi Khola gorge, the terrain transitions into a dramatic, snow-covered sanctuary. Standing at the base camp, you are surrounded in a 360-degree circle by towering, vertical rock faces. It offers the rare opportunity to stand intimately close to iconic peaks like Annapurna I and Machhapuchhre. Supported by excellent, cozy local teahouses, it provides an unforgettable, immersive high-mountain experience.",28.5305,83.877,abc.jpg
29,Ghandruk,Ghandruk,Cultural,"Village Tour,Cultural Tour,Hiking,Photography",Gandaki Province,1 Day,Medium,Both,"Perched on a sunny hillside facing the mountains, this large settlement is the quintessential Gurung village. It is celebrated for its traditional, neatly stacked slate-roofed stone houses and clean cobblestone alleys. The village offers an uninterrupted, jaw-dropping view of Annapurna South, Hiunchuli, and the sacred Machhapuchhre peak. Visitors can dress in traditional Gurung costumes, explore the local cultural museum, and enjoy warm homestays. It serves as a major, highly comfortable overnight stop along the popular Annapurna trekking circuits. The village beautifully showcases how local community-based tourism can successfully preserve authentic mountain heritage.",28.3736,83.8079,ghandruk.jpg
30,Mardi Himal,Pokhara,Trekking,"Hiking,Camping,Photography",Gandaki Province,4-5 Days,Medium,Both,"Gaining rapid popularity as a brilliant short trek, this ridge trail offers exceptional mountain views. The path climbs steeply through enchanting, moss-draped rhododendron and oak forests filled with birds. As you break clear of the tree line, the trail follows a dramatic, narrow alpine ridge line. It brings trekkers incredibly close to the iconic, sacred peak of Machhapuchhre (Fishtail Mountain). The base camp sits directly beneath the imposing south face of Mardi Himal, surrounded by snow fields. It is an ideal option for travelers seeking a less crowded, visually stunning Himalayan adventure.",28.462,83.936,mardi_himal.jpg
31,Upper Mustang,Lo Manthang,Trekking,"Hiking,Jeep Tour,Sightseeing,Photography",Gandaki Province,12-14 Days,High,Both,"Stepping into this rain-shadow region feels like entering a completely different, ancient mystical world. Known as the Last Forbidden Kingdom, it features a stark, high-altitude desert landscape of eroded sandstone cliffs. The region preserves an incredibly pure form of Tibetan Buddhist culture, ancient monasteries, and walled cities. Travelers can explore mysterious, multi-story sky caves carved deep into vertical canyon walls centuries ago. The walled capital of Lo Manthang remains home to ancient royal palaces, vibrant festivals, and unique customs. It is a premium, restricted-area trekking destination that offers an unparalleled historical and cultural journey.",29.1837,83.9647,mustang.jpg
32,Muktinath Temple,Muktinath,Cultural,"Pilgrimage,Temple Visit,Sightseeing",Gandaki Province,4-6 Days,Medium,Both,"Situated at a bleak, high-altitude outpost in Mustang, this sacred shrine is a wonder of religious harmony. It is deeply revered by both Hindu and Buddhist pilgrims who make long journeys to wash away sins. The temple compound features 108 brass water spouts shaped like bull heads, discharging freezing mountain water. Nearby, natural gas fires burn miraculously on top of water inside the sacred Jwala Mai monastery. The backdrop consists of the dry, wind-swept landscapes of the Thorong La pass and the Nilgiri mountains. It provides a profoundly spiritual milestone for both religious devotees and trekkers crossing the Annapurna Circuit.",28.8169,83.8718,muktinath.jpg
33,Lumbini,Lumbini,Cultural,"Temple Visit,Meditation,Cultural Tour",Lumbini Province,2-3 Days,Low,Both,"Recognized worldwide as the birthplace of Siddhartha Gautama, this tranquil site is a premier spiritual center. As a UNESCO World Heritage Site, it attracts millions of peace-seekers and pilgrims from every continent. The heart of the expansive park is the sacred Mayadevi Temple, marking the exact spot of Buddha's birth. Surrounding it are the peaceful Ashoka Pillar, the ancient Sacred Pond, and beautifully landscaped meditation gardens. The greater international monastic zone features dozens of stunning monasteries built by various Buddhist nations worldwide. Its quiet, deeply contemplative atmosphere makes it a global sanctuary for meditation, peace, and historical research.",27.4838,83.276,lumbini.jpg
34,Peace Pagoda,Pokhara,Cultural,"Meditation,Sightseeing,Photography",Gandaki Province,2-3 Days,Low,Both,"Perched atop the forested Anadu Hill across Phewa Lake, this gleaming monument is a symbol of serenity. Built by Japanese monks, the brilliant white stupa is designed to promote global peace and harmony. It features four beautiful, gilded statues of Lord Buddha representing key milestones in his spiritual life. The hilltop provides an exceptional, clean panoramic view of Pokhara city, Phewa Lake, and the Annapurnas. Visitors can access it via a peaceful boat ride across the lake followed by a scenic forest hike. It is a highly popular destination for quiet meditation, photography, and enjoying spectacular mountain sunsets.",27.4848,83.2758,peace_pagoda.jpg
35,Kudan Stupa,Kapilvastu,Cultural,"Sightseeing,Meditation,Photography,Cultural Tour",Lumbini Province,1 Day,Low,Both,"Located a short distance from Tilaurakot, this ancient archaeological mound holds deep historical significance. It is traditionally identified as the ancient Nyagrodharama monastery built to welcome Lord Buddha home. Excavations have revealed structural ruins of three ancient brick stupas dating back centuries. It is the poignant site where Buddha famously met his father, King Suddhodhana, after attaining full enlightenment. The peaceful, shaded rural setting allows visitors to contemplate early Buddhist history away from tourist crowds. It is an essential stop for anyone wanting to fully understand the early life of the Buddha.",27.5715,83.0488,kundan stupa.jpg
36,Banke National Park,Nepalgunj,Wildlife,"Safari,Bird Watching,Photography",Lumbini Province,2-3 Days,Medium,Both,"Established specifically to protect endangered wildlife, this park is a vital conservation landscape. It forms a crucial part of the tiger conservation network, linking with the larger Bardia National Park. The park terrain features dry deciduous forests, clay floodplains, and the rolling hills of the Churia range. It provides an important sanctuary for royal Bengal tigers, four-horned antelopes, and wild Asian elephants. The area is also highly valued for its rich avian diversity, making it excellent for birdwatching. It offers a raw, developing safari experience that appeals greatly to intrepid wildlife lovers.",28.3065,81.9128,banke national park.jpg
37,Dhorpatan Hunting Reserve,Baglung,Wildlife,"Wildlife Watching,Trekking,Photography",Gandaki Province,4-6 Days,High,Both,"Holding the distinction of being Nepal's only dedicated hunting reserve, this area is unique and remote. It occupies a vast, high-altitude landscape characterized by alpine meadows, bogs, and dense forests. The reserve is strictly regulated to allow controlled, seasonal hunting of specific trophy species like the Blue Sheep. It is surrounded by the spectacular, rugged peaks of the Dhaulagiri mountain range on all sides. The area is highly isolated, offering pristine trekking routes through untouched valleys and traditional villages. It serves as an elite destination catering to specialized international wildlife enthusiasts and wilderness trekkers.",28.48,83.1,Dhorpatan-Hunding-Reserve.jpg
38,Supa Deurali Temple,Arghakhanchi,Cultural,"Temple Visit,Sightseeing,Photography",Lumbini Province,1 Day,Low,Both,"Perched dramatically inside a narrow, rocky gorge, this hilltop temple is a legendary pilgrimage site. Dedicated to a powerful Hindu goddess, it is famous for its strict vows and miraculous folklore. The temple is built against a sheer cliff face along a winding mountain highway in Arghakhanchi. The surrounding landscape features deep limestone valleys, lush green ridges, and cascading seasonal waterfalls. Devotees from all over Nepal visit to offer prayers, ring the temple bells, and seek divine blessings. It provides a fascinating glimpse into the deep religious traditions that thrive within Nepal's mid-hill regions.",27.8836,83.0865,Supa-Deurali-Temple.jpg
39,Resunga Hill,Gulmi,Nature,"Hiking,Sightseeing,Photography",Lumbini Province,1 Day,Medium,Both,"Dominating the landscape of the Gulmi district, this majestic hill is a revered natural wonder. The summit is home to a sacred ashram, ancient shrines, and a peaceful meditation center. A modern viewing tower at the top offers sweeping, panoramic views extending from the plains to the Himalayas. The hill slopes are covered in dense, dark forests of pine and rhododendron that are rich in medicinal herbs. It serves as a popular destination for eco-tourism, day hiking, sunrise watching, and bird photography. The crisp, clean mountain air and spiritual vibes make it a deeply refreshing escape.",28.0888,83.2376,resunga .png
40,The Guerrilla Trek,Rolpa,Trekking,"Hiking,Camping,Cultural Tour",Lumbini Province,12-14 Days,High,Both,"Winding through the rugged, isolated hills of western Nepal, this historic trail offers an epic journey. The route retraces the hidden paths and base camps used during the decade-long civil conflict. It passes through authentic, untouched villages belonging to the Magar community, showcasing their unique culture. Trekkers experience raw, dramatic landscapes ranging from deep pine gorges to high, open alpine pastures. The trek focuses heavily on community-based tourism, with visitors staying in simple, local village homestays. It is a highly specialized trek that beautifully combines recent political history, rich culture, and wilderness exploration.",28.22,82.78,guerilla trek.jpg
41,Rara Lake,Mugu,Nature,"Hiking,Camping,Photography",Karnali Province,7-9 Days,High,Both,"Holding the title of Nepal's largest and deepest freshwater lake, this alpine gem is breathtaking. Perched at an altitude of 2,990 meters, its deep blue waters change colors throughout the day. The entire lake is surrounded by the pristine pine, spruce, and juniper forests of Rara National Park. The snow-capped peaks of the western Himalayas form a dramatic, postcard-perfect backdrop around the water. The area is highly isolated, requiring a multi-day journey that preserves its pure, untouched wilderness state. Visitors can enjoy lakeside camping, horseback riding, nature photography, and spotting rare migratory waterfowl.",29.5285,82.0783,rara.jpeg
42,Baidyanath Dham,Achham,Cultural,"Temple Visit,Pilgrimage,Photography",Sudurpashchim Province,1 Day,Low,Both,"Situated at the holy confluence of the Vriddha Ganga and Kailash rivers, this shrine is ancient. It is revered as one of the most significant and historic Shiva pilgrimage sites in western Nepal. The temple architecture features beautiful stone carvings and traditional artistic styles typical of the region. Local mythology associates the site with ancient Vedic legends and the legendary journeys of the Pandavas. It attracts thousands of devout pilgrims during the major Maha Shivaratri festival for holy baths and prayers. The serene, riverside setting offers a deeply peaceful environment for cultural and spiritual reflection.",29.053,81.253,Baidyanath Dham.jpg
43,Garva Durbar,Kailali,Cultural,"Historical Tour,Sightseeing,Photography",Sudurpashchim Province,1 Day,Low,Both,Historic palace located in Kailali District.,28.7015,80.593,Garva-Durbar-2.jpg
44,Saipal Base Camp Trek,Bajhang,Trekking,"Hiking,Camping,Photography",Sudurpashchim Province,16-18 Days,High,Both,Remote trek to the base camp of Mt. Saipal.,30.11,81.17,saipal base camp.jpg
45,Api Himal Base Camp Trek,Darchula,Trekking,"Hiking,Camping,Photography",Sudurpashchim Province,14-16 Days,High,Both,Trek to the base camp of Api Himal.,30.026,80.92,api_himal.webp
46,Khaptad National Park,Khaptad,Nature,"Hiking,Meditation,Nature Walk,Camping",Sudurpashchim Province,4-6 Days,Medium,Both,"Peaceful national park known for grasslands, forests and spiritual retreats.",29.3774,81.14,khaptad.jpg
47,Shuklaphanta National Park,Mahendranagar,Wildlife,"Safari,Bird Watching,Photography",Sudurpashchim Province,2-3 Days,Medium,Both,Protected wildlife reserve famous for swamp deer and hundreds of bird species.,28.8392,80.2156,shuklaphanta.jpg
48,Tikapur Park,Tikapur,Nature,"Sightseeing,Boating,Photography",Sudurpashchim Province,1 Day,Low,Both,Popular recreational park in Tikapur.,28.5282,81.1178,tikapur park.jpg
49,Surma Sarovar,Bajhang,Nature,"Hiking,Camping,Photography",Sudurpashchim Province,4-6 Days,High,Both,Sacred alpine lake in Bajhang District.,29.92,81.52,surma sarovar.webp
50,Dodhara Chadani Bridge,Kanchanpur,Adventure,"Sightseeing,Photography,Bridge Walk",Sudurpashchim Province,2-3 Days,Low,Both,One of Nepal's longest suspension bridges.,28.98,80.16,dodhara chadani.jpg
51,Mahakali River Rafting,Kanchanpur,Adventure,"Rafting,Camping",Sudurpashchim Province,2-3 Days,High,Adults,White-water rafting experience on the Mahakali River.,29.04,80.32,mahakali river rafting.webp
52,Davis Falls,Pokhara,Nature,"Sightseeing,Photography",Gandaki Province,2-3 Days,Low,Both,Famous underground waterfall located in Pokhara.,28.1905,83.9582,davisfalls.jpg
53,Gupteshwor Mahadev Cave,Pokhara,Cultural,"Cave Exploration,Temple Visit,Photography",Gandaki Province,2-3 Days,Low,Both,Sacred cave opposite Davis Falls housing a revered Shiva shrine.,28.19,83.9585,gupteshwor.jpg
54,Kanjiroba Base Camp,Jumla,Trekking,"Hiking,Camping,Photography",Karnali Province,14-16 Days,High,Both,Remote Himalayan trekking destination offering spectacular views of Kanjiroba Himal.,29.3475,82.51,kanjirobabasecamp.jpg
55,Khopra Ridge Trek,Kaski,Trekking,"Hiking,Camping,Photography",Gandaki Province,7-9 Days,Medium,Both,Scenic ridge trek with panoramic Annapurna and Dhaulagiri mountain views.,28.4135,83.744,khopra.jpg
56,Manakamana Temple,Gorkha,Cultural,"Temple Visit,Pilgrimage,Sightseeing",Gandaki Province,1 Day,Low,Both,"Sacred hilltop temple dedicated to Goddess Manakamana, reached by cable car.",27.8167,84.7833,manakamana.jpg
57,Panchase Hill,Kaski,Nature,"Hiking,Photography,Sunrise Viewing",Gandaki Province,1 Day,Low,Both,"Popular hill offering sunrise views over Annapurna, Dhaulagiri and Phewa Lake.",28.3027,83.8202,panchase.jpg
58,Patan Durbar Square,Lalitpur,Cultural,"Temple Visit,Sightseeing,Photography",Bagmati Province,1 Day,Low,Both,Historic royal palace complex showcasing Newari architecture and UNESCO heritage.,27.673,85.3256,Patandurbar.webp
59,Phulchoki Hill & Forest,Lalitpur,Nature,"Hiking,Mountain Biking,Sunrise Viewing,Photography,Bird Watching ",Bagmati Province,2-3 Days,Low,Both,Highest hill around Kathmandu Valley famous for bird watching and hiking.,27.578,85.417,Pulchoki.jpg
60,Ramgram Stupa,Nawalparasi,Cultural,"Temple Visit,Meditation,Sightseeing",Lumbini Province,1 Day,Low,Both,Ancient Buddhist stupa believed to contain relics of Lord Buddha.,27.5354,83.6668,ramgram.jpg
61,Rukum Eastern Hills,Rukum East,Trekking,"Hiking,Camping,Photography",Lumbini Province,4-6 Days,Medium,Both,Scenic hills offering peaceful trekking routes and Himalayan landscapes.,28.687,82.65,rukumeasternhills.jpg
62,Rupa Lake,Pokhara,Nature,"Boating,Photography,Sightseeing",Gandaki Province,2-3 Days,Low,Both,Beautiful freshwater lake east of Pokhara known for peaceful surroundings.,28.1674,84.0602,rupa.jpeg
63,Shey Phoksundo Lake,Dolpa,Nature,"Camping,Hiking,Photography",Karnali Province,7-9 Days,High,Both,Nepal's deepest lake with crystal-clear turquoise water inside Shey Phoksundo National Park.,29.2038,82.9626,sheyphoksundo.jpg
64,Tansen Durbar,Tansen,Cultural,"Sightseeing,Photography,Cultural Tour",Lumbini Province,1 Day,Low,Both,Historic palace reflecting the rich heritage of Palpa district.,27.8674,83.5463,tansen.jpg
65,Tilaurakot,Kapilvastu,Cultural,"Sightseeing,Photography,Cultural Tour",Lumbini Province,1 Day,Low,Both,Ancient archaeological site believed to be the palace of Prince Siddhartha.,27.5769,83.0464,tilaurakot.jpg
66,Tilicho Lake,Manang,Trekking,"Hiking,Camping,Photography",Gandaki Province,8-10 Days,High,Both,One of the world's highest lakes surrounded by spectacular Himalayan scenery.,28.6946,83.8469,Tilicho.jpg
67,Tripura Sundari Temple,Dolpa,Cultural,"Temple Visit,Pilgrimage,Sightseeing",Karnali Province,1 Day,Low,Both,Sacred Hindu temple attracting pilgrims from western Nepal.,29.083,82.85,Tripura.jpg
68,Pokhara ZipFlyer,Pokhara,Adventure,"Ziplining,Photography,Sightseeing",Gandaki Province,2-3 Days,Medium,Both,One of the world's steepest and longest zipline experiences.,28.2415,83.9485,zipflyer.jpg
69,Baglung Kalika Temple,Baglung,Cultural,"Temple Visit,Pilgrimage,Sightseeing",Gandaki Province,1 Day,Low,Both,Renowned Hindu temple surrounded by lush forests and scenic landscapes.,28.2721,83.5898,baglung.jpg
70,Bardia National Park,Bardia,Wildlife,"Safari,Bird Watching,Canoeing,Photography",Lumbini Province,2-3 Days,Medium,Both,"Nepal's largest lowland national park famous for tigers, rhinos and elephants.",28.386,81.2897,bardia.jpg
71,Bulbule Lake,Birendranagar,Nature,"Sightseeing,Boating,Photography",Karnali Province,1 Day,Low,Both,Popular recreational lake surrounded by gardens in Surkhet.,28.6015,81.6338,bulbule.jpg
72,Bungamati,Lalitpur,Cultural,"Cultural Tour,Sightseeing,Photography",Bagmati Province,1 Day,Low,Both,Traditional Newari village known for wood carving and local culture.,27.6154,85.3142,bungmati.webp
73,Garden of Dreams,Kathmandu,Nature,"Sightseeing,Photography,Relaxation",Bagmati Province,1 Day,Low,Both,Historic neo-classical garden in the heart of Kathmandu.,27.7149,85.3156,God.jpg
74,Gorkha Durbar,Gorkha,Cultural,"Sightseeing,Temple Visit,Photography",Gandaki Province,1 Day,Low,Both,Historic hilltop palace of the Shah kings with panoramic mountain views.,28.0004,84.6318,Gorkha.jpg
75,Ghorepani Poon Hill Trek,Myagdi,Trekking,"Hiking,Camping,Sunrise Viewing,Photography",Gandaki Province,4-6 Days,Medium,Both,One of Nepal's most popular short treks offering breathtaking sunrise views.,28.4006,83.6953,Ghorepani.webp
76,Dolpo Trek,Dolpa,Trekking,"Hiking,Camping,Photography",Karnali Province,18-21 Days,High,Both,"Remote Himalayan trek through ancient villages, high passes and pristine landscapes.",29.16,82.95,dolpotrek.jpg
77,Dhaulagiri Base Camp,Myagdi,Trekking,"Hiking,Camping,Photography",Gandaki Province,16-18 Days,High,Both,Challenging Himalayan trek leading to the base of Mt. Dhaulagiri.,28.6968,83.4875,Dhaulagiri.webp
78,Dakshinkali Temple,Kathmandu,Cultural,"Temple Visit,Pilgrimage,Sightseeing",Bagmati Province,1 Day,Low,Both,Famous Hindu temple dedicated to Goddess Kali located south of Kathmandu.,27.6058,85.2788,Dakshinkali.jpg
79,Changu Narayan Temple,Bhaktapur,Cultural,"Temple Visit,Sightseeing,Photography",Bagmati Province,1 Day,Low,Both,Nepal's oldest Hindu temple and a UNESCO World Heritage Site renowned for ancient art and architecture.,27.7167,85.4294,Cnt.jpg
80,Helambu Circuit Trek,Helambu,Trekking,"Hiking,Camping,Cultural Tour,Photography",Bagmati Province,7-8 Days,Medium,Both,"Classic cultural trek through Hyolmo villages, rhododendron forests, and Himalayan viewpoints.",28.1635,85.5776,helambu circuit trek.jpg
81,Tamang Heritage Trail,Rasuwa,Trekking,"Hiking,Cultural Tour,Homestay,Photography",Bagmati Province,7-8 Days,Medium,Both,"Community-based trekking route showcasing Tamang culture, traditional villages, and mountain scenery.",28.1875,85.31,tamang heritage trail.jpg
82,Ruby Valley Trek,Dhading,Trekking,"Hiking,Camping,Cultural Tour,Photography",Bagmati Province,7-9 Days,Medium,Both,Remote trekking route through Gurung and Tamang villages between the Ganesh Himal and Langtang regions.,28.118,84.987,Ruby-valley-treKking.jpg
83,Ganesh Himal Trek,Dhading,Trekking,"Hiking,Camping,Photography",Bagmati Province,12-14 Days,High,Both,"Remote Himalayan trek featuring alpine meadows, high passes, and spectacular Ganesh Himal views.",28.35,85.0,ganesh_himal.jpg
84,Panch Pokhari Trek,Sindhupalchok,Trekking,"Hiking,Camping,Pilgrimage,Photography",Bagmati Province,4-6 Days,Medium,Both,Scenic trek leading to the sacred Panch Pokhari alpine lakes beneath the Jugal Himal range.,27.818,85.805,panch_pokhari.jpg
85,Jugal Himal Trek,Sindhupalchok,Trekking,"Hiking,Camping,Photography",Bagmati Province,12-15 Days,High,Both,Remote camping trek offering pristine landscapes and dramatic views of the Jugal Himal range.,27.98,86.05,jugal himal.jpg
86,Rolwaling Valley & Tsho Rolpa Trek,Dolakha,Trekking,"Hiking,Camping,Photography",Bagmati Province,14-18 Days,High,Both,Challenging alpine trek through Rolwaling Valley to the spectacular Tsho Rolpa glacial lake.,27.865,86.478,tsho rolpa.png
87,Kathmandu Valley Rim Trek,Kathmandu,Trekking,"Hiking,Camping,Photography",Bagmati Province,4-6 Days,Medium,Both,"Multi-day ridge trek linking Shivapuri, Chisapani, Nagarkot, and Dhulikhel with panoramic Himalayan views.",27.78,85.42,kathmandu valley rim .jpg
88,Chisapani-Helambu Trek,Sundarijal,Trekking,"Hiking,Camping,Photography",Bagmati Province,6-7 Days,Medium,Both,Popular trekking route beginning at Sundarijal and crossing Shivapuri National Park into Helambu.,27.7806,85.4305,helambu trek.webp
89,Balthali Village Trek,Kavrepalanchok,Trekking,"Hiking,Cultural Tour,Village Walk,Photography",Bagmati Province,3 Days,Low,Both,"Easy cultural trek through Balthali, Panauti, and Namo Buddha with scenic countryside views.",27.5535,85.5578,balthali village trek.jpg
90,Bhaktapur Durbar Square,Bhaktapur,Cultural,"Temple Visit,Sightseeing,Photography,Cultural Tour",Bagmati Province,1 Day,Low,Both,"UNESCO World Heritage Site renowned for its medieval Newari architecture, temples, and rich cultural heritage.",27.671,85.4298,bhaktapur.jpg
91,Budhanilkantha Temple,Kathmandu,Cultural,"Temple Visit,Pilgrimage,Photography,Sightseeing",Bagmati Province,1 Day,Low,Both,Famous Hindu temple featuring the magnificent reclining statue of Lord Vishnu on a bed of serpents.,27.7758,85.3665,budhanilkantha.jpg
92,Kapan Monastery,Kathmandu,Cultural,"Meditation,Monastery Visit,Cultural Tour,Photography",Bagmati Province,1 Day,Low,Both,Renowned Tibetan Buddhist monastery offering meditation courses and panoramic views of Kathmandu Valley.,27.7435,85.3678,kapanmonastery.jpg
93,Seto Gumba,Kathmandu,Cultural,"Meditation,Monastery Visit,Photography,Sightseeing",Bagmati Province,1 Day,Low,Both,Beautiful white Buddhist monastery known for its peaceful atmosphere and stunning architecture.,27.7424,85.2924,whitemonastery.jpg
94,Kathmandu Durbar Square,Kathmandu,Cultural,"Temple Visit,Sightseeing,Photography,Cultural Tour",Bagmati Province,1 Day,Low,Both,Historic royal palace complex at Hanuman Dhoka and a UNESCO World Heritage Site showcasing Nepal's rich history.,27.7049,85.3075,hanumandhoka.jpg
95,Swayambhunath Stupa,Kathmandu,Cultural,"Temple Visit,Meditation,Sightseeing,Photography",Bagmati Province,1 Day,Low,Both,Ancient Buddhist stupa popularly known as the Monkey Temple offering panoramic views of Kathmandu Valley.,27.7149,85.2903,swayambhu.jpg
96,Namo Buddha Monastery,Kavrepalanchok,Cultural,"Meditation,Temple Visit,Photography,Pilgrimage",Bagmati Province,1 Day,Low,Both,One of Nepal's most sacred Buddhist pilgrimage sites associated with the legend of Prince Mahasattva.,27.5974,85.6123,namobuddha.jpg
97,Narayanhiti Palace Museum,Kathmandu,Cultural,"Museum Visit,Historical Tour,Sightseeing,Photography",Bagmati Province,1 Day,Low,Both,Former royal palace of Nepal now serving as a museum showcasing the country's royal history and artifacts.,27.7175,85.324,narayanhiti.jpg
98,Palanchok Bhagwati Temple,Kavrepalanchok,Cultural,"Temple Visit,Pilgrimage,Sightseeing,Photography",Bagmati Province,1 Day,Low,Both,Famous Hindu temple dedicated to Goddess Bhagwati and one of the most visited pilgrimage sites in Kavrepalanchok.,27.5026,85.6618,palanchowkbhagawati.jpg
99,Dolakha Bhimsen Temple,Dolakha,Cultural,"Temple Visit,Pilgrimage,Sightseeing,Photography",Bagmati Province,1 Day,Low,Both,"Historic temple dedicated to Lord Bhimsen, famous for its religious significance and unique traditions.",27.6678,86.0895,dolakhabhimsen.jpeg
100,Phulbari Monastery,Kathmandu,Cultural,"Meditation,Monastery Visit,Photography,Sightseeing",Bagmati Province,1 Day,Low,Both,"Peaceful Buddhist monastery in Kapan, Kathmandu, known for its serene environment, Buddhist teachings, and beautiful surroundings.",27.7453,85.3716,phulbarimonastery.jpg
101,Salinadi Temple,Bhaktapur,Cultural,"Temple Visit,Pilgrimage,Sightseeing,Photography",Bagmati Province,1 Day,Low,Both,"Sacred Hindu temple located at Sankhu, famous for the month-long Swasthani Brata festival and its religious significance.",27.7308,85.4757,salinadi.jpg
102,Kailashnath Mahadev Statue,Bhaktapur,Cultural,"Temple Visit,Pilgrimage,Sightseeing,Photography",Bagmati Province,1 Day,Low,Both,"The world's tallest Shiva statue located at Sanga, attracting pilgrims and tourists with panoramic views of the surrounding hills.",27.6636,85.5218,kailashnath.jpg
103,Langtang National Park,Rasuwa,Wildlife,"Wildlife Watching,Bird Watching,Nature Walk,Photography",Bagmati Province,2-3 Days,Medium,Both,"Nepal's first Himalayan national park, home to red pandas, Himalayan black bears, musk deer, snow leopards, and diverse bird species.",28.2116,85.556,langtang.jpg
104,Gaurishankar Conservation Area,Dolakha,Wildlife,"Wildlife Watching,Bird Watching,Hiking,Photography",Bagmati Province,2-3 Days,Medium,Both,"Protected conservation area rich in biodiversity, featuring red pandas, Himalayan tahr, musk deer, and numerous bird species amidst spectacular mountain landscapes.",27.85,86.3,gaurishankar.jpg
105,Sundarijal,Kathmandu,Nature,"Hiking,Waterfall Visit,Nature Walk,Photography",Bagmati Province,2-3 Days,Low,Both,"Scenic gateway to Shivapuri National Park known for waterfalls, forests, and hiking trails.",27.7766,85.4309,sundarijal.jpg
106,Taudaha Lake,Kathmandu,Nature,"Bird Watching,Photography,Relaxation,Sightseeing",Bagmati Province,1 Day,Low,Both,Peaceful freshwater lake popular for migratory birds and tranquil surroundings.,27.6577,85.2835,taudaha.webp
107,Kakani,Nuwakot,Nature,"Sunrise Viewing,Hiking,Photography,Nature Walk",Bagmati Province,2-3 Days,Low,Both,"Popular hill station offering stunning Himalayan views, cool weather, and strawberry farms.",27.8038,85.2465,kakani.jpg
108,Tistung,Makwanpur,Nature,"Nature Walk,Photography,Village Tour,Sightseeing",Bagmati Province,2-3 Days,Low,Both,"Beautiful countryside destination known for terraced fields, traditional villages, and peaceful landscapes.",27.543,85.086,tistung.jpg
109,Markhu,Makwanpur,Nature,"Boating,Fishing,Photography,Relaxation",Bagmati Province,2-3 Days,Medium,Both,"Lakeside destination near Indrasarovar famous for boating, fresh fish, and scenic beauty.",27.6105,85.02,markhu.webp
110,Bishnudwar,Kathmandu,Nature,"Hiking,Nature Walk,Pilgrimage,Photography",Bagmati Province,1 Day,Low,Both,Sacred origin of the Bishnumati River located inside Shivapuri National Park.,27.826,85.382,bishnudwar.jpg
111,Champadevi Hill,Kathmandu,Nature,"Hiking,Sunrise Viewing,Photography,Camping",Bagmati Province,1 Day,Low,Both,Popular hiking destination with breathtaking mountain and valley views.,27.6555,85.2648,champadevi.jpg
112,Bethanchok Narayan Danda,Kavrepalanchok,Nature,"Hiking,Camping,Sunrise Viewing,Photography",Bagmati Province,1 Day,Low,Both,Highest hill in Kavrepalanchok offering panoramic Himalayan views and peaceful hiking trails.,27.5028,85.6378,bethanchok.jpg
113,Sailung Hill,Dolakha,Nature,"Hiking,Camping,Photography,Sunrise Viewing",Bagmati Province,1 Day,Medium,Both,"Beautiful grassland hill with spectacular sunrise, wildflowers, and Himalayan mountain views.",27.7304,86.093,sailung.jpg
114,Kalinchowk Hill,Dolakha,Nature,"Hiking,Snow Viewing,Photography,Cable Car Ride",Bagmati Province,2-3 Days,Medium,Both,"Popular mountain destination famous for snowfall, Himalayan views, and the Kalinchowk Bhagwati Temple.",27.7018,86.095,kalinchowk.jpg
115,Chisapani,Kathmandu,Nature,"Hiking,Camping,Sunrise Viewing,Photography",Bagmati Province,1 Day,Low,Both,"Scenic hill destination on the Shivapuri trekking route offering panoramic Himalayan views, forests, and peaceful surroundings.",27.8206,85.4223,chisapani.jpg
116,Mulkharka,Kathmandu,Nature,"Hiking,Nature Walk,Photography,Village Tour",Bagmati Province,1 Day,Low,Both,Traditional Tamang village inside Shivapuri National Park surrounded by forests and beautiful mountain scenery.,27.7946,85.4308,mulkharka.jpg
117,Dudh Pokhari,Ramechhap,Nature,"Hiking,Camping,Photography",Bagmati Province,4-6 Days,Medium,Both,"Sacred alpine lake surrounded by hills and pristine natural landscapes, ideal for trekking and camping.",27.5285,86.097,dudhpokhari.jpg
118,Bajrayogini Hill,Sankhu,Nature,"Hiking,Photography,Sightseeing,Sunrise Viewing",Bagmati Province,1 Day,Low,Both,"Beautiful hill overlooking the ancient town of Sankhu, offering peaceful hiking trails and panoramic valley views.",27.7394,85.4687,bajrayogini.jpg
119,Tarke Ghyang,Sindhupalchok,Nature,"Hiking,Camping,Cultural Tour,Photography",Bagmati Province,4-6 Days,Medium,Both,"Beautiful Sherpa village in the Helambu region surrounded by forests, mountains, and traditional Buddhist culture.",28.0225,85.5675,tarke_ghyang.jpg
120,Daman,Makwanpur,Adventure,"Paragliding,Hiking,Camping,Photography",Bagmati Province,2-3 Days,Medium,Both,"Scenic hill station offering adventure activities, hiking trails, and breathtaking Himalayan views.",27.6069,85.0908,daman.jpg
121,Trishuli River,Chitwan,Adventure,"Rafting,Kayaking,Camping",Bagmati Province,2-3 Days,Medium,Both,"One of Nepal's most popular rivers for white-water rafting, kayaking,and riverside camping.",27.86,84.92,trishuli_river.jpg
122,Kushma,Parbat,Adventure,"Bungee Jumping,Sky Cycling,Photography",Gandaki Province,2-3 Days,Medium,Both,Popular adventure destination featuring one of the world's highest bungee jumps and scenic sky cycling.,28.2287,83.6678,kushma_bungee.jpg
123,Hemja,Pokhara,Adventure,"Ziplining,Photography,Sightseeing",Gandaki Province,2-3 Days,Medium,Both,Adventure destination famous for one of Nepal's longest and steepest zipline experiences.,28.279,83.9868,hemja_zipline.jpg
124,Seti River,Pokhara,Adventure,"Rafting,Camping,Photography",Gandaki Province,2-3 Days,Medium,Both,Popular rafting destination offering exciting white-water adventures through scenic valleys.,28.1905,83.985,seti_rafting.webp
125,Ghalegaun,Lamjung,Adventure,"Hiking,Mountain Biking,Camping",Gandaki Province,2-3 Days,Medium,Both,"Adventure destination combining hiking, mountain biking, and stunning Himalayan scenery.",28.242,84.3745,ghalegaun.jpg
126,Hattiban,Lalitpur,Adventure,"Rock Climbing,Hiking,Photography",Bagmati Province,2-3 Days,Medium,Both,"Popular outdoor adventure destination near Kathmandu, well known for rock climbing, hiking trails, and scenic forest surroundings.",27.5942,85.3315,hattiban.jpg
